{
    "criteria": {
        "placed_jukebox": {
            "trigger": "minecraft:placed_block",
            "conditions": {
                "location": [
                    {
                        "condition": "minecraft:location_check",
                        "predicate": {
                            "block": {
                                "blocks": [
                                    "minecraft:jukebox"
                                ]
                            }
                        }
                    }
                ]
            }
        }
    },
    "rewards": {
        "function": "iasonasxx_dp:on_placed_jukebox"
    }
}