{
  "pools": [
    {
      "rolls": 1,
      "entries": [
        {
          "type": "minecraft:item",
          "weight": 12,
          "name": "minecraft:stone_pickaxe",
          "functions": [
            {
              "function": "minecraft:set_name",
              "entity": "this",
              "name": {
                "text": "letters"
              }
            }
          ]
        },
		{
          "type": "minecraft:item",
          "weight": 4,
          "name": "minecraft:stone_pickaxe",
          "functions": [
            {
              "function": "minecraft:set_name",
              "entity": "this",
              "name": {
                "text": "house_trap"
              }
            }
          ]
        },
		{
          "type": "minecraft:item",
          "weight": 5,
          "name": "minecraft:stone_pickaxe",
          "functions": [
            {
              "function": "minecraft:set_name",
              "entity": "this",
              "name": {
                "text": "monument"
              }
            }
          ]
        },
		{
          "type": "minecraft:item",
          "weight": 7,
          "name": "minecraft:stone_pickaxe",
          "functions": [
            {
              "function": "minecraft:set_name",
              "entity": "this",
              "name": {
                "text": "cross"
              }
            }
          ]
        },
		{
          "type": "minecraft:item",
          "weight": 8,
          "name": "minecraft:stone_pickaxe",
          "functions": [
            {
              "function": "minecraft:set_name",
              "entity": "this",
              "name": {
                "text": "small_trap"
              }
            }
          ]
        },
		{
          "type": "minecraft:item",
          "weight": 3,
          "name": "minecraft:stone_pickaxe",
          "functions": [
            {
              "function": "minecraft:set_name",
              "entity": "this",
              "name": {
                "text": "temple_trap"
              }
            }
          ]
        },
		{
          "type": "minecraft:item",
          "weight": 5,
          "name": "minecraft:stone_pickaxe",
          "functions": [
            {
              "function": "minecraft:set_name",
              "entity": "this",
              "name": {
                "text": "pumpkin_trap"
              }
            }
          ]
        },
		{
          "type": "minecraft:item",
          "weight": 4,
          "name": "minecraft:stone_pickaxe",
          "functions": [
            {
              "function": "minecraft:set_name",
              "entity": "this",
              "name": {
                "text": "pillar"
              }
            }
          ]
        }
      ]
    }
  ]
}