{
  "pools": [
    {
      "rolls": 1,
      "entries": [
        {
          "type": "minecraft:item",
          "weight": 20,
          "name": "minecraft:air"
        },
		{
          "type": "minecraft:item",
          "weight": 4,
          "name": "minecraft:wooden_pickaxe",
          "functions": [
            {
              "function": "minecraft:set_name",
              "entity": "this",
              "name": {
                "text": "slowness"
              }
            }
          ]
        },
		{
          "type": "minecraft:item",
          "weight": 3,
          "name": "minecraft:wooden_pickaxe",
          "functions": [
            {
              "function": "minecraft:set_name",
              "entity": "this",
              "name": {
                "text": "weakness"
              }
            }
          ]
        },
		{
          "type": "minecraft:item",
          "weight": 2,
          "name": "minecraft:wooden_pickaxe",
          "functions": [
            {
              "function": "minecraft:set_name",
              "entity": "this",
              "name": {
                "text": "blindness"
              }
            }
          ]
        },
		{
          "type": "minecraft:item",
          "weight": 3,
          "name": "minecraft:wooden_pickaxe",
          "functions": [
            {
              "function": "minecraft:set_name",
              "entity": "this",
              "name": {
                "text": "hunger"
              }
            }
          ]
        },
		{
          "type": "minecraft:item",
          "weight": 2,
          "name": "minecraft:wooden_pickaxe",
          "functions": [
            {
              "function": "minecraft:set_name",
              "entity": "this",
              "name": {
                "text": "bad_luck"
              }
            }
          ]
        }
      ]
    }
  ]
}