{
  "pools": [
    {
      "rolls": 1,
      "entries": [
        {
          "type": "minecraft:item",
          "weight": 5,
          "name": "minecraft:air"
        },
        {
          "type": "minecraft:item",
          "weight": 1,
          "name": "minecraft:golden_hoe",
          "functions": [
            {
              "function": "minecraft:set_name",
              "entity": "this",
              "name": {
                "text": "herobrineJoined"
              }
            }
          ]
        }
      ]
    }
  ]
}