{
  "pools": [
    {
      "rolls": 1,
      "entries": [
        {
          "type": "minecraft:item",
          "weight": 7,
          "name": "minecraft:diamond_hoe",
          "functions": [
            {
              "function": "minecraft:set_name",
              "entity": "this",
              "name": {
                "text": "tall_house"
              }
            }
          ]
        },
		{
          "type": "minecraft:item",
          "weight": 6,
          "name": "minecraft:diamond_hoe",
          "functions": [
            {
              "function": "minecraft:set_name",
              "entity": "this",
              "name": {
                "text": "hallway"
              }
            }
          ]
        },
		{
          "type": "minecraft:item",
          "weight": 3,
          "name": "minecraft:diamond_hoe",
          "functions": [
            {
              "function": "minecraft:set_name",
              "entity": "this",
              "name": {
                "text": "nightmare_fight"
              }
            }
          ]
        },
		{
          "type": "minecraft:item",
          "weight": 4,
          "name": "minecraft:diamond_hoe",
          "functions": [
            {
              "function": "minecraft:set_name",
              "entity": "this",
              "name": {
                "text": "maze"
              }
            }
          ]
        }
      ]
    }
  ]
}