{
  "pools": [
    {
      "rolls": 1,
      "entries": [
        {
          "type": "minecraft:item",
          "weight": 5,
          "name": "minecraft:golden_pickaxe",
          "functions": [
            {
              "function": "minecraft:set_name",
              "entity": "this",
              "name": {
                "text": "nylium"
              }
            }
          ]
        },
		{
          "type": "minecraft:item",
          "weight": 4,
          "name": "minecraft:golden_pickaxe",
          "functions": [
            {
              "function": "minecraft:set_name",
              "entity": "this",
              "name": {
                "text": "wart"
              }
            }
          ]
        },
		{
          "type": "minecraft:item",
          "weight": 3,
          "name": "minecraft:golden_pickaxe",
          "functions": [
            {
              "function": "minecraft:set_name",
              "entity": "this",
              "name": {
                "text": "netherrack"
              }
            }
          ]
        },
		{
          "type": "minecraft:item",
          "weight": 2,
          "name": "minecraft:golden_pickaxe",
          "functions": [
            {
              "function": "minecraft:set_name",
              "entity": "this",
              "name": {
                "text": "magma"
              }
            }
          ]
        }
      ]
    }
  ]
}