{
  "type": "minecraft:chest",
  "pools": [
    {
      "rolls": 1,
      "entries": [
        {
          "type": "minecraft:item",
          "name": "minecraft:soul_sand"
        }
      ]
    },
    {
      "rolls": {
        "min": 5,
        "max": 8
      },
      "entries": [
        {
          "type": "minecraft:item",
          "name": "minecraft:cobweb"
        }
      ]
    },
    {
      "rolls": {
        "min": 3,
        "max": 5
      },
      "bonus_rolls": 2,
      "entries": [
        {
          "type": "minecraft:item",
          "name": "minecraft:gold_nugget"
        }
      ]
    }
  ]
}