{
    "__comment": "Made with TheDestruc7i0n's advancements generator: https://advancements.thedestruc7i0n.ca",
    "display": {
        "title": {
            "text": "Herobrine's anthem",
            "color": "dark_red"
        },
        "description": {
            "text": "Get Herobrine's disc",
            "color": "red"
        },
        "icon": {
            "item": "minecraft:music_disc_11"
        },
        "frame": "task",
        "show_toast": true,
        "announce_to_chat": true,
        "hidden": false
    },
    "criteria": {
        "c1": {
            "trigger": "minecraft:inventory_changed",
            "conditions": {
                "items": [
                    {
                        "item": "minecraft:music_disc_11"
                    }
                ]
            }
        }
    },
    "parent": "main:totem"
}