{
    "__comment": "Made with TheDestruc7i0n's advancements generator: https://advancements.thedestruc7i0n.ca",
    "display": {
        "title": {
            "text": "Herobrine",
            "color": "dark_red",
            "obfuscated": false
        },
        "description": {
            "text": "Welcome to Herobrine datapack",
            "color": "red"
        },
        "icon": {
            "item": "minecraft:player_head",
            "nbt": "{display:{Name:\"{\\\"text\\\":\\\"Herobrine\\\"}\"},SkullOwner:{Id:[I;-793684908,922371044,-1572341630,-1147149688],Properties:{textures:[{Value:\"eyJ0ZXh0dXJlcyI6eyJTS0lOIjp7InVybCI6Imh0dHA6Ly90ZXh0dXJlcy5taW5lY3JhZnQubmV0L3RleHR1cmUvOThiN2NhM2M3ZDMxNGE2MWFiZWQ4ZmMxOGQ3OTdmYzMwYjZlZmM4NDQ1NDI1YzRlMjUwOTk3ZTUyZTZjYiJ9fX0=\"}]}}}"
        },
        "frame": "task",
        "show_toast": false,
        "announce_to_chat": false,
        "hidden": false,
        "background": "minecraft:textures/gui/advancements/backgrounds/nether.png"
    },
    "criteria": {
        "c1": {
            "trigger": "minecraft:impossible"
        }
    }
}