{
    "__comment": "Made with TheDestruc7i0n's advancements generator: https://advancements.thedestruc7i0n.ca",
    "display": {
        "title": {
            "text": "Invitation",
            "color": "dark_red"
        },
        "description": {
            "text": "Invite Herobrine into your world.",
            "color": "red"
        },
        "icon": {
            "item": "minecraft:command_block",
            "nbt": "{display:{Name:'{\"text\":\"Herobrine totem\",\"color\":\"white\",\"italic\":false}'},CustomModelData:1,BlockEntityTag:{Command:\"/summon armor_stand ~ ~-0.5 ~ {NoGravity:1b,Silent:1b,Small:1b,Marker:1b,Invisible:1b,NoBasePlate:1b,PersistenceRequired:1b,Tags:[totem]}\",auto:1b},BlockStateTag:{conditional:\"false\",facing:\"north\"}}"
        },
        "frame": "task",
        "show_toast": true,
        "announce_to_chat": true,
        "hidden": false
    },
    "criteria": {
        "c1": {
            "trigger": "minecraft:impossible"
        }
    },
    "parent": "main:root"
}