{"stat.flyOneCm":13531,"stat.useItem.minecraft.lapis_block":1,"stat.walkOneCm":25808,"stat.pickup.minecraft.wheat_seeds":3,"stat.jump":28,"stat.swimOneCm":1090,"stat.playOneMinute":17604,"achievement.openInventory":15,"stat.useItem.minecraft.stone":21,"stat.useItem.minecraft.barrier":36,"stat.useItem.minecraft.redstone":6,"stat.leaveGame":1,"stat.sneakTime":482,"stat.crouchOneCm":234,"stat.timeSinceDeath":17604,"stat.useItem.minecraft.skull":3,"stat.useItem.minecraft.dirt":7,"stat.useItem.minecraft.sign":5,"stat.sprintOneCm":988,"achievement.exploreAllBiomes":{"value":0,"progress":["Plains"]},"stat.diveOneCm":9624,"stat.useItem.minecraft.water_bucket":20}